Amerchol TM L101, Emulsifier
Benzophenone 3, Sunscreen
"2-bromo-2-nitropropane-1,3-diol", Preservative
bronopol, Preservative
Butylated hydroxyanisole, Antioxidant 
Butylated hydroxytoluene, Antioxidant  
Cetyl/stearyl alcohol, Emulsifier
Cocamidopropyl betaine, Surfactant  
Diazolidinyl urea, Preservative  
Dimethyloldimethyl (DMDM) hydantoin, Preservative
DMDM hydantoin, Preservative
Dimethyloldimethyl hydantoin, Preservative
Formaldehyde, Preservative  
Fragrance mix, Fragrance 
Fragrance, Fragrance 
Hydroxy-isohexyl-3-cyclohexene carboxaldehyde (HMPPC Lyral R), Fragrance
Hydroxy-isohexyl-3-cyclohexene carboxaldehyde (HMPPC Lyral), Fragrance
HMPPC Lyral R, Fragrance
HMPPC Lyral , Fragrance
Imidazolidinyl urea, Preservative  
Iodopropynyl butylcarbamate, Preservative
Methylisothiazolinone/methylchloroisothiazolinone, Preservative
Methylisothiazolinone, Preservative
methylchloroisothiazolinone, Preservative
Methyldibromo glutaronitrile, Preservative  
Balsam of Peru (Myroxylon pereirae), Fragrance
4-Aminobenzoic acid, Sunscreen
Parabens mix, Preservative
Parabens, Preservative
p-Phenylenediamine, Hair dye  
Phenoxyethanol, Preservative  
Propylene glycol, Humectant and viscositydecreasing agent
Quaternium-15, Preservative  
Tosylamide/formaldehyde resin, Nail cosmetic resin
Tea tree oil, Essential oil  
Wool alcohols, "Binder, emulsion stabilizer, viscosity-increasing agent"